,user_id,username,email,password
0,1,taylor34,njones@example.org,X@HHvk$gSz!c
1,2,flowersraymond,lawrencedan@example.org,gDtr^ml_lNxZ
2,3,megangibson,susanwebb@example.com,c_bMwm7k$X^4
3,4,yhicks,qparker@example.org,Fq#AN=C#^-m2
4,5,mary15,frobinson@example.net,eq$Znektcv)Z
5,6,cpage,aliu@example.org,5NoVx3Ss94X3
6,7,jenniferroth,nancymeyer@example.com,*n-mw5Uq$Img
7,8,lmccormick,rlopez@example.net,b8r%1CZN0-ni
8,9,andrewwilson,nhuerta@example.org,tbofZ2DafjUw
9,10,dbarber,whitemichael@example.net,Pto(0Y=k@C(+
10,11,adam68,vwashington@example.org,=mir29r3cEai
11,12,derek06,christopher90@example.net,QiF%e62WDoJu
12,13,robin98,summergibbs@example.net,eo+lAEG)Jf0b
13,14,dflores,prattrobert@example.org,kz&@%q=Ng2xB
14,15,smithroger,ohernandez@example.org,@9Y^6MpdN%^)
15,16,shawkins,bellgary@example.net,@FkS#xsMvw@Q
16,17,cynthia27,jessica59@example.net,XVu=xxkzmc83
17,18,kvalentine,lucasshelia@example.net,Im-XRmH)%yax
18,19,brookslarry,hughessharon@example.org,7M7nKGJv()Lq
19,20,perezhector,smithpatricia@example.com,2UUNRYtLFBz-
20,21,danielle93,meyerkevin@example.org,o6N5BMBeH1bp
21,22,kellymathis,owenjoseph@example.org,lfUH-S6okd*z
22,23,mark94,shawkevin@example.org,&YjxVC8Vor(f
23,24,williamsnicholas,kimberlywu@example.com,ebxl6u#eys9d
24,25,zwilkinson,jamesguerrero@example.net,_SLb-$F^*UDA
25,26,gordon52,michelle72@example.net,d%*a5Gr)LXuJ
26,27,jbenson,rosschristopher@example.org,oXq4%PTHbOBs
27,28,kenneth61,donnagraham@example.com,EyF@yJKIJ7w@
28,29,jimeneznathaniel,rebeccadiaz@example.org,-DWywsy+rKDd
29,30,todd65,bradley76@example.org,umAMH^PDniNg
30,31,patriciawalls,franciscooconnell@example.com,K9N6a@YUsn0!
31,32,ahall,yedwards@example.com,zvQ=^V=)DGPL
32,33,rwalker,christian52@example.org,BT!sU3YSEtqT
33,34,rdaugherty,robindiaz@example.net,1Y6SN2&^8tJ@
34,35,cstevens,taralawrence@example.net,^gRpKdK9T(75
35,36,melvin34,ianderson@example.org,ZjLFOIjPzfs8
36,37,youngmark,princeleah@example.org,#z+1NxE@0S1J
37,38,bbailey,kdavis@example.org,Jk-feVl!CFCj
38,39,paula46,schmittgavin@example.net,(TF%TZ8IgxHJ
39,40,dsnyder,davidhamilton@example.net,n(RB7XBZjoa=
40,41,michelle89,boydmatthew@example.net,JeRI03U1LUk4
41,42,miguelmarquez,traci20@example.org,uojzoAhp_EBJ
42,43,sarah08,amonroe@example.net,qScnO&yX4gOT
43,44,maryrose,lpeters@example.com,V(eMhk4sY^T!
44,45,patrick95,ladams@example.com,mRRwdQY-SePB
45,46,amber74,meyerdavid@example.com,^+p(9mFnW@_6
46,47,ofisher,mariawarren@example.net,TA*0HoXg(RbM
47,48,steven70,oedwards@example.net,a29Pu5fLM7Fi
48,49,bcole,elliottjessica@example.org,jyqDj!lCe3SO
49,50,icarpenter,patricia95@example.net,w^-L3trko9+x
50,51,johnstonbrandon,amandachapman@example.net,w=LO#gry&Xm&
51,52,snyderjake,smithedwin@example.net,1mFmbqV=dC40
52,53,matthewcampbell,davidrobbins@example.com,p@OtdV8hDvHI
53,54,fanderson,erikfoster@example.com,jLo+h#-#7ji+
54,55,jill23,hparsons@example.com,a6-8H@!^k)6M
55,56,vroach,thomaskenneth@example.com,AP+qR8^7rcEM
56,57,courtneykhan,jennifer76@example.com,MR++%8fI_N0&
57,58,edward76,fscott@example.com,6nt*1SG2*w*Q
58,59,nicholsonmorgan,jjohnson@example.org,f0DIy(d5YkD&
59,60,marygonzalez,rachelvaldez@example.com,!5ckuu(JQ(=W
60,61,taylortravis,romeromichael@example.org,zeiDwXGVxwYP
61,62,carolyn11,vanessa33@example.com,-hjBAH=%NM*5
62,63,williamsthomas,ipowell@example.org,F5eKveC2%37^
63,64,harrisoncynthia,erika90@example.org,NC2NYlj31@+m
64,65,hhall,pbanks@example.net,D5dp20g8h3dm
65,66,velasquezcameron,johnsonmark@example.com,hLpo)@(MTEfL
66,67,baldwinjoseph,timothyadams@example.com,FruO--==$FxJ
67,68,diana98,danielle30@example.org,qiA(It-_XKxO
68,69,xvasquez,alanclark@example.com,jXjQNaL#eT$(
69,70,charles20,aburke@example.net,_7&ZhuoSnC%b
70,71,tjones,deanbradley@example.net,*$njsIXd5z1V
71,72,smiller,dhall@example.net,%0Alwez(iP*G
72,73,arellanopatrick,obeard@example.net,$u4az@XCe4rH
73,74,hollycastillo,dmendoza@example.org,XSx-$7enAkuc
74,75,wsmith,geoffrey12@example.net,qMEfwqYPAfuy
75,76,williamsjohn,amccarthy@example.net,2y9*QhUMQe3O
76,77,pallen,curtisjackson@example.net,)dGwVi61L5&n
77,78,marcusmitchell,tgonzalez@example.net,zUK8Q=4-jr++
78,79,xsmith,kkim@example.com,$LtySoCPl9sq
79,80,sarah88,james99@example.org,4ZrHr%@bL%dv
80,81,robertbrown,vanessariddle@example.org,2FCw*cqYk1S0
81,82,laura40,iroth@example.org,eJw*Un)4hoP*
82,83,sanchezkeith,johnsonjoshua@example.net,muVsG2ux*VNm
83,84,john65,robert57@example.com,XyvSau70zny3
84,85,terrymichael,jessicazimmerman@example.com,CEREtTyyFw&c
85,86,brangel,walkergilbert@example.com,olV&ZIgO#F*e
86,87,kevinphillips,bconley@example.com,5a!-#MP0%j^0
87,88,rebecca04,krystalsalinas@example.com,9+OXS59*e+Hv
88,89,kenneth08,joshua08@example.net,w5YOt%IC+^s2
89,90,david49,turnerkeith@example.org,3hv)8f62=gn-
90,91,bryantorres,greenlinda@example.org,ggO9BTRqp7DL
91,92,colemannicole,gonzalesann@example.org,veMaIARY*y&U
92,93,suzanne97,cindyhill@example.com,*Xn^A*fslL(C
93,94,danielle23,jennifer45@example.net,r62=DfwkcO9_
94,95,john49,adamsangela@example.org,ZmO2yULnxHbU
95,96,wdalton,richard14@example.org,9-wZ4!WX+_p$
96,97,adrianroberson,sherri50@example.net,CVmwQOBM=1H4
97,98,jonathon08,hjefferson@example.com,_rf!q5%Uy+w6
98,99,dennisbennett,ijacobson@example.org,XT+EcHfbp11p
99,100,thompsonjoseph,sandrawilliams@example.com,Cb=S5KFVu^lO
