,user_id,username,email,hashed pass
0,1,taylor34,njones@example.org,dc2a18331d4471025498aa5fa01b718caab7127b28b4cf34542d006ac3ca9e7c
1,2,flowersraymond,lawrencedan@example.org,4c5aa41d34a2e995c08448e4553cbe8a320492f9369fda0a57afde9e15e1ec79
2,3,megangibson,susanwebb@example.com,7194919e3b00e49027d063775644bf3c2fdae1fd70ed12d6786a0e8734585290
3,4,yhicks,qparker@example.org,7c1ab1d592494714f9e15712ecd1090fdeb6ea6afa5cbff54474f0747cc86b7f
4,5,mary15,frobinson@example.net,92b133c4665ebf971fcf29f37c70a54517a9578fb5a076651bf05e2160ac99bb
5,6,cpage,aliu@example.org,6f254e3ddc201e22f4ebeb80fb48c82ab8cba0d71d668c8e7ce07fccebdb2903
6,7,jenniferroth,nancymeyer@example.com,4691892fb4081355239d8ae1c919eea03fc293c97edb98510baacb67ae3675ec
7,8,lmccormick,rlopez@example.net,f727903e288103fd5c38bd5bcabedeaaeee52e1806d1ccb618835f8344c7cdc4
8,9,andrewwilson,nhuerta@example.org,82afc0cfdf3e922b59fe0ca38cf1f497a40886a3d1d9b5be0c89559018daf19f
9,10,dbarber,whitemichael@example.net,ba0a2596be82cf6ff782173eec5bc067e3bf37afa9b2494c864c262564e7fd61
10,11,adam68,vwashington@example.org,61a17bcf8e8c9baa0e26fec56663b98327420e2705e1b4ad45e1f79d05f05c0f
11,12,derek06,christopher90@example.net,73f06ea5b8254f188693aa1a8a2f3c94a8de4997ca33fccd0404ea409ac9ff98
12,13,robin98,summergibbs@example.net,11c0fc7ae11d00c417e6e3e9c748fafb20993cae20c5070303860bbe72174eac
13,14,dflores,prattrobert@example.org,d4b1daf2f50df7eb1b5db19e0421c760c689e0c06a16508ed54c5a5e7e95e5d0
14,15,smithroger,ohernandez@example.org,52b9d546e4800d77637b1af407150a9f0cb73d5315fb5f66c7eeeb058e0ea9eb
15,16,shawkins,bellgary@example.net,a216c4dc6e7bcaff8af24aa6cf9c7bacfb6151d41c686b743d65cc0da393ddf6
16,17,cynthia27,jessica59@example.net,dd43c54cc392c5de5c661980c07b64569aef233c3af0adbcffe51d3e83d7a460
17,18,kvalentine,lucasshelia@example.net,309ccb093f6cac436eb3d28e4c087c21d5186c0dd91f5dc425681a0c2cecc067
18,19,brookslarry,hughessharon@example.org,4d0065402beb24cafe821f80b0c4696e00ed6be77d3da2a1b90082374477608d
19,20,perezhector,smithpatricia@example.com,968242720a88e60c16c6b049663d922c7dc21550d1d2ed7d34398463cd2b0f3e
20,21,danielle93,meyerkevin@example.org,95fd2f7eae08d5e9fa45d03569fe6d1f2a13d987a814d136ca592242cac48c38
21,22,kellymathis,owenjoseph@example.org,d1120f3f0ff065c1e769876d86bf54b6b205ecdd38527a4feaa5ec11a051e178
22,23,mark94,shawkevin@example.org,b16f85a9e7885bc98da780b4014f959e3e36d7918f6eab8d015abe06a885ac8b
23,24,williamsnicholas,kimberlywu@example.com,f7830ccf8a03e769591fcab56755ec138026a9aae7b29d153ed0204677bbbdb0
24,25,zwilkinson,jamesguerrero@example.net,3acfdb6835ae1c14c9468619304023dfbf465de3d0d08196a1174fa136011833
25,26,gordon52,michelle72@example.net,5614d5b359dd74cac42c41917e32d9c14422aa739f119fab1dbe28c894ce8696
26,27,jbenson,rosschristopher@example.org,629cedbc30c3a7c0e003feb52e3a11acc482ef905e41b32726c5298f7606c156
27,28,kenneth61,donnagraham@example.com,4f785c4b50a62017b6d6dd35f3c349ad7dee65bdd21bcb95f0fe88340b065ca7
28,29,jimeneznathaniel,rebeccadiaz@example.org,a6f32084501fc17fd1775cfcf4de38cf507b97489630d2eff8a90433ce2bb099
29,30,todd65,bradley76@example.org,8b88c93c652d873030084a1c189a8fc758dfdccf1da4440f7448b6cfa2f69cad
30,31,patriciawalls,franciscooconnell@example.com,f94f8b39cc137a26335b3cff31653ca1d5d3baf88d4af40eb1b58cd5ab2c694d
31,32,ahall,yedwards@example.com,e421ce1acf3ff829cb6710f7238b6b4d0ddd7141eb2cc1a3e259a0411370c52f
32,33,rwalker,christian52@example.org,ad11fc7db8c4d1f83e66390f1735c83cfcb0400b193ca459c45a825273648162
33,34,rdaugherty,robindiaz@example.net,02305b327291d5b6ed720a336f5008429ea6aa517d1a80690d8afbc4efe90834
34,35,cstevens,taralawrence@example.net,afc8c9a75f107964e1563a29081c7d2914ae644d1bc8e2b06a78800dad036ed5
35,36,melvin34,ianderson@example.org,9cd0faa094b4bf76256df52e1484fce190c9b49e150d252345ec94951cc09d1b
36,37,youngmark,princeleah@example.org,e0f50745283e7995bfc3a33829b8489c7cda961d15bab352c96e6f576b31d276
37,38,bbailey,kdavis@example.org,af7feb943ccfd755ff1bf95bbd2b56087229b679a9c5ca1d5a183e13d2769446
38,39,paula46,schmittgavin@example.net,51695530559dec91eea32c59be32a1c65f7d4fb58b1dec1f4fb0975336e99e55
39,40,dsnyder,davidhamilton@example.net,88f90786a2bd4729aa56f5a990b579b0147eafedda2b61a3662911f2e07f9d39
40,41,michelle89,boydmatthew@example.net,9a564e0dd84eb30a265b686e2b749d2566351df7b014fa0cf0f6c7c0426675d0
41,42,miguelmarquez,traci20@example.org,2f5c2c65219df17184c45f8673860d62cba02d203ce1aed81b4235f60ae7e25c
42,43,sarah08,amonroe@example.net,73dd8e799315723859fb8d36164c88c56a6e65d4bdaea413018a4555f5192ad1
43,44,maryrose,lpeters@example.com,fb386bc72b3660b2a9538ec1c320b2e305d7db943e3033b8a7ccb940c546bbb7
44,45,patrick95,ladams@example.com,07ebc1dc9f39d48b823186f8d4cfc1c41fdbad5a5284b4b23d402f9de0dd0e05
45,46,amber74,meyerdavid@example.com,6169f5b01d522c5f4a020e0f8d90d42a91a2f2e3997573809435db01b04b7eb2
46,47,ofisher,mariawarren@example.net,60257f160b60e8de49bac4aec58fbc858b63f15ea8cd97d280df185e49cc472d
47,48,steven70,oedwards@example.net,06faf145a0e0e60ca5d95f642238c14577211879fd42f2a9526d64244e2ba01a
48,49,bcole,elliottjessica@example.org,1980f36f0c818bc543dd99c5b53bbbd71aa83f582209050b986dce8277ab5b84
49,50,icarpenter,patricia95@example.net,07ff0790131e8b84c16ce9bba30aa4371c93b05e746502bce71c67abbec55309
50,51,johnstonbrandon,amandachapman@example.net,86b8e48d03aae73eeb3ef384a2c9f8361c967a40389a92a0b3fa7cc46d0b1767
51,52,snyderjake,smithedwin@example.net,2c91c6734605e9178a91013dfc447de53e48d02c26d81ea156eb67cf836e6b0b
52,53,matthewcampbell,davidrobbins@example.com,d0c8f2d324eef571a66a92c92646384c57e7bf16e7b96b699f93286adfd06730
53,54,fanderson,erikfoster@example.com,30bcc83fea9bfec645317d62da05898dc642a74ecf175d1df103b3ac71e6d2a4
54,55,jill23,hparsons@example.com,7adc52f5e664af4d34e4edd41ce4023ec47ec98dd643843434d307f7bbf78340
55,56,vroach,thomaskenneth@example.com,b9407f2671396faf3570ec55c2acfefa62af3116b7f600e9dffc1092af8dd626
56,57,courtneykhan,jennifer76@example.com,cb9b79a8f616015aa079b41f4395772009b89484fb13cd5d3ee2889cd70e8fd7
57,58,edward76,fscott@example.com,fed4d02c1a32f61b69e18b8637193777c9f1992d8bf694928c4c1dd88443a9eb
58,59,nicholsonmorgan,jjohnson@example.org,4cb173372f6ad788379deda0cce3fd00b07fb5bc669fb1c87a0d2b9940415ce0
59,60,marygonzalez,rachelvaldez@example.com,dffa5dd7546d55a04a1d2e43e5b4fe078524b90cced7e37d50a20bbd4375f713
60,61,taylortravis,romeromichael@example.org,dd14768b02a1c16f28c68bfb1b9051127de5e6f0f7ff4a5d8b0086d6efdb02c0
61,62,carolyn11,vanessa33@example.com,2b31c6ee069c305e5738c20f05ef4f51f4b13dbc160953523bd865e1714e286a
62,63,williamsthomas,ipowell@example.org,14de819fd88d5d5ec0c2dd77a01ce6769b91b4902c7aa3990a944269b2ea835f
63,64,harrisoncynthia,erika90@example.org,e0a1e6f38055762331a70330e5657145ed5b64db87ea3f562bd209b3fd0e66c8
64,65,hhall,pbanks@example.net,8424f3aa321dadf28a300799e386fb05e0b4adb10e500f4f13bfacf1bc1fb76b
65,66,velasquezcameron,johnsonmark@example.com,0b7d80b8f3506a7dd9d36a6f294ebff59e2e24150d4a40fb8d95a83d818be431
66,67,baldwinjoseph,timothyadams@example.com,33ff1658305cc7fa8f517acbf754286a00705e31f5b08f3ee685e9378457874a
67,68,diana98,danielle30@example.org,675e73ae99eb9d0705b16c933a1fb3933d5eb3281f76296121b58b68b985d9d0
68,69,xvasquez,alanclark@example.com,c3ea5c192c920a8a0820bb9628c25e6e534a12b85372fe1e0a88610157735c98
69,70,charles20,aburke@example.net,469e00c44d28967438a0151f4102a8f99798869a862e23874856a9bc0e7a9185
70,71,tjones,deanbradley@example.net,348a07fb72d753ab669d72d4b953f7d5f8232a6efb88bd032cfb0ff9bb9d5a87
71,72,smiller,dhall@example.net,6579df37bbb9f30098503ddc894f78db20b862f9b32ea6e00c17e05299b067e7
72,73,arellanopatrick,obeard@example.net,bc7279438096542b263eae9af6449ca3384fd17eb57e46e9e6d3d4a539432b7f
73,74,hollycastillo,dmendoza@example.org,5e718a1322a70ea97aa6a0ecb12f564c959b2e00a96e9b9f43e115dac7eeaac8
74,75,wsmith,geoffrey12@example.net,1c331cf91512498cfd622153c0002e9fc86ab0ef3f90463b562f7a856f203f3a
75,76,williamsjohn,amccarthy@example.net,f2601c00d32f78b41a5a950dd83ee084c52fd09e463c783ea867b1d8ad75ac14
76,77,pallen,curtisjackson@example.net,5586561c27dcbd552d168500c5e119cdfe80f9e9a16fff367381653c619ecc69
77,78,marcusmitchell,tgonzalez@example.net,2b9d3f111d4dc882576386534a1c52211fc310eac0ca92e943228aba025039de
78,79,xsmith,kkim@example.com,41d8aedf70178a2fc9f05761826696b9e6e0003f855fa82426227ce1eb5b336a
79,80,sarah88,james99@example.org,8d77fece8a3c9d8415a957f3d3f1db462a2f008a6ff09069ba258bff43e97ab4
80,81,robertbrown,vanessariddle@example.org,be5c01204032691d0e60aa2ba34f1eac72bc6520ea85b6db73937df752ab6710
81,82,laura40,iroth@example.org,44f2b5730bbef105b227fab7a9a87576cc7c5c4ffb95b9ac02100bd6a5ac880a
82,83,sanchezkeith,johnsonjoshua@example.net,78a9608f007984c259312009ebb1c4572b4e31f4b4c4b3785f20ff15511303bc
83,84,john65,robert57@example.com,3805e4daa79dbefb4d1a62a1d013ba829c5b461c7824ba031fdd69cf22d92f43
84,85,terrymichael,jessicazimmerman@example.com,acb8da8e841e3c7aa16b49b6bf0000da270e3f41dfc779b7c395b5354282a86c
85,86,brangel,walkergilbert@example.com,8ad12c046857704e9eab3963af63e91c7a17bbfdbbf0b6368c07eea60ea8d6f7
86,87,kevinphillips,bconley@example.com,064182cfcdcd3292bc5b230195cfe4ab80f46797d3d67408a5e10b18d4a2a0a9
87,88,rebecca04,krystalsalinas@example.com,a8639e18aff3696193da48902c927c53157777e740b1e93af62df24e6937ffe0
88,89,kenneth08,joshua08@example.net,11d3abeb1f4486a856282a3203d241a714c92856e61ad7c246f1bca8b900f6c1
89,90,david49,turnerkeith@example.org,ac79edf2a036b5dc797f3088dfa5cf232f722b29100f64e9a8795926a8ab1b35
90,91,bryantorres,greenlinda@example.org,0733e9fb3b632bb8ce50fc303a3471f3cf609471be50fd11260cf0d557bacb96
91,92,colemannicole,gonzalesann@example.org,05957daddfe0a84e678fcb41f7216e66e2cb69fd27dbc3448e7f4c1be9d6c21b
92,93,suzanne97,cindyhill@example.com,dce2354a458ad546826618cf97548f88f817245b58bfedb9ddc0d0a727b4c81b
93,94,danielle23,jennifer45@example.net,ea58f9598e83e2fa1226745675bf566484b9126970db2a47f3b000aa298c07e4
94,95,john49,adamsangela@example.org,5caeb0208b2bb841d7e156d25a33166dd3dc8514f194f679f4c7c3e277ac5f6d
95,96,wdalton,richard14@example.org,5adea090c0b6c6be0b258a2a6de77f502996378d1a4da14f243befe80bfde25e
96,97,adrianroberson,sherri50@example.net,dd128d955a97a8554fcdea9fee857dfd7fbda01ce4fb3fe58eecc028588af667
97,98,jonathon08,hjefferson@example.com,64a9c1d3610bb2a72c5d7794855f42708985deafc7f77d6a1f0072598c547914
98,99,dennisbennett,ijacobson@example.org,0c1e38d0c96a00c669662ad43dc28bc4932e680c09c33bbfac8076d36a5ddbe1
99,100,thompsonjoseph,sandrawilliams@example.com,ead5cd3658007baee5387f95a8fdb12c13de4051be7a26a321ba4bd778b62f68
